Name,Slug,Collection ID,Locale ID,Item ID,Archived,Draft,Created On,Updated On,Published On,Competitor type,SEO Title,SEO Description,Competitor link,Intro,Open Graph,Competitor app image,Competitor Best at,Competitor Primary Use,Competitor Ideal for,Competitor works best alongside
Abide,abide,6967016d9d17a49b8ea0d48d,68feb1d1933e97605f97913b,697be0a43a0db36a1c9199d8,false,false,Thu Jan 29 2026 22:35:16 GMT+0000 (Coordinated Universal Time),Sat Jan 31 2026 19:44:14 GMT+0000 (Coordinated Universal Time),Sat Jan 31 2026 19:58:54 GMT+0000 (Coordinated Universal Time),Prayer & Meditation,Harvous vs Abide: Remembering What You Saved vs Bible Meditation App,Compare Harvous and Abide. Abide is great at Christian meditations and sleep stories; Harvous helps you remember and connect what you’ve saved from Scripture.,https://abide.com/,Abide is great at Christian meditations and sleep stories; Harvous helps you remember and connect what you’ve saved from Scripture.,https://cdn.prod.website-files.com/68feb1d1933e97605f979178/697be253eb05d3b0572b17ea_harvous-vs-abide.png,https://cdn.prod.website-files.com/68feb1d1933e97605f979178/697be25679e40ca8a405ea82_400x400bb-75%20(9).webp,"Guided audio devotions/prayers tailored to emotions (peace, stress, sleep) rooted in Scripture.","#1 Christian app for daily meditation, prayer, and rest with Scripture focus.","Users seeking quick, topical spiritual wellness through Bible meditations.","Harvous for capturing and threading ""aha"" moments from meditations into lasting notes.​"
Accordance,accordance,6967016d9d17a49b8ea0d48d,68feb1d1933e97605f97913b,697e5a9d6f7d1878c20c4e91,false,false,Sat Jan 31 2026 19:40:13 GMT+0000 (Coordinated Universal Time),Sat Jan 31 2026 19:43:15 GMT+0000 (Coordinated Universal Time),Sat Jan 31 2026 19:43:24 GMT+0000 (Coordinated Universal Time),Bible Study Suite,Harvous vs Accordance: Remembering What You Saved vs Scholarly Bible Software,"Compare Harvous and Accordance. Accordance is great at original languages, atlases, and modules; Harvous helps you remember and connect what you’ve saved from Scripture.",https://www.accordancebible.com,"Accordance is great at original languages, atlases, and modules; Harvous helps you remember and connect what you’ve saved from Scripture.",https://cdn.prod.website-files.com/68feb1d1933e97605f979178/697e5a83ccb22c3df6742d81_harvous-vs-accordance.png,https://cdn.prod.website-files.com/68feb1d1933e97605f979178/697e5a875f7b408d70ef7011_400x400ia-75%20(5).webp,"Powerful searching, diagrams, timelines, and academic resources for seminary-level study",Desktop/mobile software for pastors/scholars building custom module libraries.,Serious researchers needing precision tools and original texts.,Harvous for lightweight notes from Accordance studies you actually revisit.
Apple Notes,apple-notes,6967016d9d17a49b8ea0d48d,68feb1d1933e97605f97913b,697a49e0ad7713d0a1c97197,false,false,Wed Jan 28 2026 17:39:44 GMT+0000 (Coordinated Universal Time),Thu Jan 29 2026 17:56:51 GMT+0000 (Coordinated Universal Time),Thu Jan 29 2026 18:00:48 GMT+0000 (Coordinated Universal Time),General Notes,Harvous vs Apple Notes: Remembering What You Saved vs Quick Capture,Compare Harvous and Apple Notes. Apple Notes is great at quick capture; Harvous helps you remember and connect what you saved from Scripture.,https://apps.apple.com/us/app/notes/id1110145109,Apple Notes is great at quick capture; Harvous helps you remember and connect what you saved from Scripture.,https://cdn.prod.website-files.com/68feb1d1933e97605f979178/697b9d85383158b6d27018de_harvous-vs-apple-notes.png,https://cdn.prod.website-files.com/68feb1d1933e97605f979178/697a60a62a53ee6d3ce15801_400x400bb-75%20(2).webp,"Jotting down ideas, lists, and snippets on Apple devices.","People who want a default, always-available notes app that syncs across iPhone, iPad, and Mac.","People who need a fast, built-in notes app for everything, and you’re not worried about organizing Bible study separately.","Harvous for structured, threaded Bible notes you’ve saved that are easier to revisit."
Ascension,ascension,6967016d9d17a49b8ea0d48d,68feb1d1933e97605f97913b,697e905fdad855ab137fa617,false,false,Sat Jan 31 2026 23:29:35 GMT+0000 (Coordinated Universal Time),Sat Jan 31 2026 23:36:12 GMT+0000 (Coordinated Universal Time),Sat Jan 31 2026 23:36:18 GMT+0000 (Coordinated Universal Time),Bible Study Suite,Harvous vs Ascension: Remembering What You Saved vs Catholic Study Tools,"Compare Harvous and Ascension. Ascension is great at Bible, Catechism, and premium reflections; Harvous helps you remember and connect what you’ve saved from Scripture.",https://ascensionpress.com/pages/ascension-app,"Ascension is great at Bible, Catechism, and premium reflections; Harvous helps you remember and connect what you’ve saved from Scripture.",https://cdn.prod.website-files.com/68feb1d1933e97605f979178/697e904712fd9cb349f89836_harvous-vs-ascension.png,https://cdn.prod.website-files.com/68feb1d1933e97605f979178/697e90451f56bd631e9727e8_400x400ia-75%20(8).webp,"Mass readings, Bible answers, and prayer tools.",Integrated Catholic Scripture and formation resources.,Catholics seeking guided readings and premium insights.,"Harvous for personal, cross-referenced notes beyond denomination."
Aura Bible,aura-bible,6967016d9d17a49b8ea0d48d,68feb1d1933e97605f97913b,697ad00150f708d5f4914435,false,false,Thu Jan 29 2026 03:12:01 GMT+0000 (Coordinated Universal Time),Thu Jan 29 2026 17:56:51 GMT+0000 (Coordinated Universal Time),Thu Jan 29 2026 18:00:48 GMT+0000 (Coordinated Universal Time),AI Guided Bible,Harvous vs Aura Bible: Remembering What You Saved vs AI‑Guided Prayer and Study,Compare Harvous and Aura. Aura is great at AI-powered prayer and Scripture meditation; Harvous helps you remember and connect what you’ve saved from Scripture.,https://www.auraofhope.com/,Aura is great at AI-powered prayer and Scripture meditation; Harvous helps you remember and connect what you’ve saved from Scripture.,https://cdn.prod.website-files.com/68feb1d1933e97605f979178/697b9cec5630b49acecd03a3_harvous-vs-aura-bible.png,https://cdn.prod.website-files.com/68feb1d1933e97605f979178/697acffc885d34cf21570745_aurabible.png,"Personalizing prayers, devotionals, memory training, and cross-references with sound doctrine and new meditation motions monthly.","Deepening prayer/walking closer to God via Scripture-aligned AI, widgets, highlighting, and streak calendars.","Users seeking structured, theologically grounded tools for daily reflection, verse search, and spiritual reminders.",Harvous for a quiet space to revisit and link the notes you’ve saved beyond daily AI prompts.
Bible Gateway,bible-gateway,6967016d9d17a49b8ea0d48d,68feb1d1933e97605f97913b,697acd9d3a550e8586e1586f,false,false,Thu Jan 29 2026 03:01:49 GMT+0000 (Coordinated Universal Time),Sat Jan 31 2026 22:28:25 GMT+0000 (Coordinated Universal Time),Sat Jan 31 2026 22:35:32 GMT+0000 (Coordinated Universal Time),Bible Reader,Harvous vs Bible Gateway: Remembering What You Saved vs Online Bible Library,Compare Harvous and Bible Gateway. Bible Gateway is great at online Bible reading and study resources; Harvous helps you remember and connect what you’ve saved from Scripture.,https://www.biblegateway.com/app,Bible Gateway is great at online Bible reading and study resources; Harvous helps you remember and connect what you’ve saved from Scripture.,https://cdn.prod.website-files.com/68feb1d1933e97605f979178/697e820577f34d9a7d4575e8_harvous-vs-bible-gateway.png,https://cdn.prod.website-files.com/68feb1d1933e97605f979178/697e81e761d272ed9ffcd8a1_400x400bb-75%20(15).webp,"Reading, hearing, and studying Scripture across many translations with devotionals and reading plans on the web.","Serving as a go-to online Bible site with multiple translations, plans, and study tools you can access from any browser or app.","People who want a free, web-based Bible hub with lots of translations and resources all in one familiar place.","Harvous for a focused home for Bible notes you’ve saved across passages and themes, not just inside one website or reading plan."
Bible Memory,bible-memory,6967016d9d17a49b8ea0d48d,68feb1d1933e97605f97913b,697e5b462760b16241d5194d,false,false,Sat Jan 31 2026 19:43:02 GMT+0000 (Coordinated Universal Time),Sat Jan 31 2026 19:45:54 GMT+0000 (Coordinated Universal Time),Sat Jan 31 2026 19:58:54 GMT+0000 (Coordinated Universal Time),Bible Education,Harvous vs Bible Memory App: Remembering What You Saved vs Verse Flashcards,Compare Harvous and Bible Memory App. Bible Memory is great at Scripture memorization systems; Harvous helps you remember and connect what you’ve saved from Scripture.,https://biblememory.com,Bible Memory is great at Scripture memorization systems; Harvous helps you remember and connect what you’ve saved from Scripture.,https://cdn.prod.website-files.com/68feb1d1933e97605f979178/697e5b2d70149e678fb635fb_harvous-vs-bible-memory.png,https://cdn.prod.website-files.com/68feb1d1933e97605f979178/697e5b31dfc3e5dec328f9a8_400x400bb-75%20(14).webp,"Spaced repetition flashcards, audio recitation, custom plans, and community verse lists for retention.","Daily verse practice with stats, reminders, and sharing for hiding God’s Word in your heart.","Memorizers wanting gamified progress and testing across 2,000+ verses/translations.",Harvous for threading memorized verses with notes you revisit long-term.
Bible Note,bible-note,6967016d9d17a49b8ea0d48d,68feb1d1933e97605f97913b,697bd07c760e8ded63d85baf,false,false,Thu Jan 29 2026 21:26:20 GMT+0000 (Coordinated Universal Time),Thu Jan 29 2026 21:26:22 GMT+0000 (Coordinated Universal Time),Thu Jan 29 2026 21:48:40 GMT+0000 (Coordinated Universal Time),Bible Notes,Harvous vs Bible Note: Remembering What You Saved vs Sermon Transcription,Compare Harvous and Bible Note. Bible Note is great at AI sermon transcription and flashcards; Harvous helps you remember and connect what you’ve saved from Scripture.,https://biblenote.ai/,Bible Note is great at AI sermon transcription and flashcards; Harvous helps you remember and connect what you’ve saved from Scripture.,https://cdn.prod.website-files.com/68feb1d1933e97605f979178/697bd0785fcf61d951ff3593_harvous-vs-bible-note.png,https://cdn.prod.website-files.com/68feb1d1933e97605f979178/697bcff671061c03767c5961_400x400ia-75%20(1).webp,"Automatically transcribing sermons with Scripture tagging, distilling key points, and turning them into review flashcards for deeper reflection.","Recording live services, importing YouTube/audio/text, and creating organized notes/flashcards optimized for church, study, and sharing with groups.","Churchgoers and leaders who want one-tap sermon capture, accurate transcripts tuned for pastors, and quick-review tools like Gospel Nuggets.","Harvous for threading and revisiting what you’ve saved from sermons alongside personal studies, not just one-off events."
Bible Notes,bible-notes,6967016d9d17a49b8ea0d48d,68feb1d1933e97605f97913b,697ace1a016f42d4d166aa64,false,false,Thu Jan 29 2026 03:03:54 GMT+0000 (Coordinated Universal Time),Thu Jan 29 2026 17:56:51 GMT+0000 (Coordinated Universal Time),Thu Jan 29 2026 18:00:48 GMT+0000 (Coordinated Universal Time),Bible Notes,Harvous vs Bible Notes: Remembering What You Saved vs Live Church Note-Taking,Compare Harvous and Bible Notes. Bible Notes is great at live church note-taking with auto verses; Harvous helps you remember and connect what you’ve saved from Scripture.,https://www.biblenotesapp.com/,Bible Notes is great at live church note-taking with auto verses; Harvous helps you remember and connect what you’ve saved from Scripture.,https://cdn.prod.website-files.com/68feb1d1933e97605f979178/697b9d0568c437d11c24d76c_harvous-vs-biblenotes.png,https://cdn.prod.website-files.com/68feb1d1933e97605f979178/697ace164da5b7be3258b6b8_biblenotes.png,"Taking church notes with an auto verse feature and live interaction tied to Pastor Notes, including polls, feedback, and prayer requests.","Letting congregations follow along in services, drop verses into notes quickly, and respond to what’s happening in real time.",Churches and attendees who want a connected note-taking experience during services with live communication from leaders.,"Harvous for organizing what you’ve saved from sermons into longer-term threads, themes, and studies you can revisit later."
Bible Study Tools,bible-study-tools,6967016d9d17a49b8ea0d48d,68feb1d1933e97605f97913b,697ea70dd1dc219f70c37498,false,false,Sun Feb 01 2026 01:06:21 GMT+0000 (Coordinated Universal Time),Sun Feb 01 2026 01:09:00 GMT+0000 (Coordinated Universal Time),Sun Feb 01 2026 01:09:17 GMT+0000 (Coordinated Universal Time),Bible Education,Harvous vs Bible Study Tools: Personal Notes vs KJV Commentaries,"Compare Harvous and Bible Study Tools. Bible Study Tools offers KJV Bible, dictionaries, concordances, progress tracking; Harvous threads your own saved insights and discoveries from any study.",https://biblestudytools.com/,"Bible Study Tools offers KJV Bible, dictionaries, concordances, progress tracking; Harvous threads your own saved insights and discoveries from any study.",https://cdn.prod.website-files.com/68feb1d1933e97605f979178/697ea7aa3db6372b392a7c7c_harvous-vs-bible-study-tools.png,https://cdn.prod.website-files.com/68feb1d1933e97605f979178/697ea76c0ab968abbbb4e07b_400x400ia-75%20(9).webp,"Word studies, cross-references, reading plans with audio/video support.","Deep dives into Bible texts, dictionaries, and tracking study progress.","Scholars, pastors, or anyone needing instant reference tools without note complexity.",Pull commentaries from Bible Study Tools into Harvous to build threaded personal notes.
Bible.ai,bible-ai,6967016d9d17a49b8ea0d48d,68feb1d1933e97605f97913b,697ace6c884dd4d64d4d0870,false,false,Thu Jan 29 2026 03:05:16 GMT+0000 (Coordinated Universal Time),Thu Jan 29 2026 17:56:51 GMT+0000 (Coordinated Universal Time),Thu Jan 29 2026 18:00:48 GMT+0000 (Coordinated Universal Time),AI Guided Bible,Harvous vs bible.ai: Remembering What You Saved vs AI Faith Conversations,Compare Harvous and bible.ai. bible.ai is great at judgment-free AI conversations about faith and life; Harvous helps you remember and connect what you’ve saved from Scripture.,https://www.bible.ai/,bible.ai is great at judgment-free AI conversations about faith and life; Harvous helps you remember and connect what you’ve saved from Scripture.,https://cdn.prod.website-files.com/68feb1d1933e97605f979178/697b9cfd2308948be9851da8_harvous-vs-bibleai.png,https://cdn.prod.website-files.com/68feb1d1933e97605f979178/697acefc72a9daccc8fb9c41_bibleai.png,"Offering a safe, empathetic AI companion for discussing faith, life, and Scripture with specialized Christian knowledge and theology modes.","Providing voice/text conversations that deliver Bible-based insights, accuracy, and relevance for spiritual growth without judgment.","Christians seeking accessible, personalized guidance on any topic through reverent, Scripture-rooted AI interactions","Harvous for a focused, human-curated record of notes you’ve saved, so they build lasting theology beyond chat sessions."
BibleDojo,bibledojo,6967016d9d17a49b8ea0d48d,68feb1d1933e97605f97913b,697bd3efed8cd0012d11b41a,false,false,Thu Jan 29 2026 21:41:03 GMT+0000 (Coordinated Universal Time),Fri Jan 30 2026 02:39:32 GMT+0000 (Coordinated Universal Time),Fri Jan 30 2026 15:09:51 GMT+0000 (Coordinated Universal Time),Bible Education,Harvous vs BibleDojo: Remembering What You Saved vs Gamified Bible Courses,Compare Harvous and BibleDojo. BibleDojo is great at interactive genre trainings; Harvous helps you remember and connect what you’ve saved from Scripture.,https://www.enterthebibledojo.com/,BibleDojo is great at interactive genre trainings; Harvous helps you remember and connect what you’ve saved from Scripture.,https://cdn.prod.website-files.com/68feb1d1933e97605f979178/697bd3a34743c26f5b707ce5_harvous-vs-bibledojo.png,https://cdn.prod.website-files.com/68feb1d1933e97605f979178/697bd387ec1a320da2706a8a_bibledojo.png,Hands-on platform blending faith/tech for biblical literacy via progressive skill levels and interactive modules.,"Structured trainings to read/interpret Scripture deeply, like martial arts for Bible skills. ​","Self-learners wanting fun, leveled courses to build confidence in handling different biblical texts.","Harvous for saving what you've learned from lessons into threaded, revisit-ready notes."
Biblenotes.ai,biblenotes-ai,6967016d9d17a49b8ea0d48d,68feb1d1933e97605f97913b,68715a000000000000000001,false,false,Wed Jul 15 2026 17:00:00 GMT+0000 (Coordinated Universal Time),Wed Jul 15 2026 17:00:00 GMT+0000 (Coordinated Universal Time),Wed Jul 15 2026 17:00:00 GMT+0000 (Coordinated Universal Time),AI Guided Bible,Harvous vs Biblenotes.ai: Remembering What You Saved vs AI Bible Study Notes,"Compare Harvous and Biblenotes.ai. Biblenotes.ai is great at AI-assisted notes, prayer plans, and groups; Harvous helps you remember and connect what you’ve saved from Scripture.",https://biblenotes.ai/,"Biblenotes.ai is great at AI-assisted Bible notes, prayer plans, and group study; Harvous helps you remember and connect what you’ve saved from Scripture.",/images/compare/og/biblenotes-ai.png,/images/compare/icons/biblenotes-ai.png,"AI insights on notes, smart journeys, prayer planning, and small-group collaboration.","AI-powered Bible study notes, devotionals, and church/group features in one free app.","People who want AI to organize study, generate prayer plans, and collaborate in groups.",Harvous for notes-first capture and recall when you want your own writing to lead — not an AI journey.
BibleProject,bibleproject,6967016d9d17a49b8ea0d48d,68feb1d1933e97605f97913b,697bd33671ffc94d5fa9b02e,false,false,Thu Jan 29 2026 21:37:58 GMT+0000 (Coordinated Universal Time),Thu Jan 29 2026 21:48:33 GMT+0000 (Coordinated Universal Time),Thu Jan 29 2026 21:48:40 GMT+0000 (Coordinated Universal Time),Bible Education,Harvous vs BibleProject: Remembering What You Saved vs Animated Bible Classes,Compare Harvous and BibleProject. BibleProject is great at animated videos/classes on books/themes; Harvous helps you remember and connect what you’ve saved from Scripture.,https://bibleproject.com/app/,BibleProject is great at animated videos/classes on books/themes; Harvous helps you remember and connect what you’ve saved from Scripture.,https://cdn.prod.website-files.com/68feb1d1933e97605f979178/697bd3327d5f64554e624a2e_harvous-vs-bibleproject.png,https://cdn.prod.website-files.com/68feb1d1933e97605f979178/697bd2f8e0273609a319be1e_400x400bb-75%20(6).webp,"Free animated overviews of every book/theme, podcasts, and skill-building classes to explore the Bible's big picture leading to Jesus.",Mobile app/library for videos/articles/classes with progress tracking—optimized for on-the-go study.,Visual learners wanting free tools to grasp biblical themes and develop study skills. ​,Harvous for threading and revisiting notes saved from videos/classes into your personal library.
Blessed,blessed,6967016d9d17a49b8ea0d48d,68feb1d1933e97605f97913b,697e8ef37d51cf8c376d4ae4,false,false,Sat Jan 31 2026 23:23:31 GMT+0000 (Coordinated Universal Time),Sat Jan 31 2026 23:36:12 GMT+0000 (Coordinated Universal Time),Sat Jan 31 2026 23:36:18 GMT+0000 (Coordinated Universal Time),Prayer & Meditation,Harvous vs Blessed: Remembering What You Saved vs Daily Verse Prayer,"Compare Harvous and Blessed. Blessed is great at daily verses, prayers, and devotionals; Harvous helps you remember and connect what you’ve saved from Scripture.
",https://www.blessedapp.com/,"Blessed is great at daily verses, prayers, and devotionals; Harvous helps you remember and connect what you’ve saved from Scripture.",https://cdn.prod.website-files.com/68feb1d1933e97605f979178/697e8ed62dc94804cf5de118_harvous-vs-blessed.png,https://cdn.prod.website-files.com/68feb1d1933e97605f979178/697e8ed3824e85c10e9d10f5_400x400bb-75%20(17).webp,"Quick daily verses, custom prayer lists, and social sharing for encouragement.",Bite-sized faith content with reminders and community features.,Busy users wanting instant spiritual boosts and verse sharing.,Harvous for threading and revisiting prayer reflections and saved notes.
Blue Letter Bible,blue-letter-bible,6967016d9d17a49b8ea0d48d,68feb1d1933e97605f97913b,697a49e1bf49c631a4986628,false,false,Wed Jan 28 2026 17:39:45 GMT+0000 (Coordinated Universal Time),Thu Jan 29 2026 21:30:20 GMT+0000 (Coordinated Universal Time),Thu Jan 29 2026 21:48:40 GMT+0000 (Coordinated Universal Time),Bible Study Suite,Harvous vs Blue Letter Bible: Remembering What You Saved vs Deep Study Tools,Compare Harvous and Blue Letter Bible. Blue Letter Bible is great at deep study tools; Harvous helps you remember and connect what you’ve saved from Scripture.,https://www.blueletterbible.org/,Blue Letter Bible is great at deep study tools; Harvous helps you remember and connect what you’ve saved from Scripture.,https://cdn.prod.website-files.com/68feb1d1933e97605f979178/697b9d74b85b970491299055_harvous-vs-blue-letter-bible.png,https://cdn.prod.website-files.com/68feb1d1933e97605f979178/697a609aa1f568dc0a0d14f2_blueletter.png,"In-depth Bible study with lexicons, commentaries, and cross-references.",People who want free access to serious study tools and original-language helps.,"People who primarily want access to commentaries, lexicons, and detailed reference tools while you study.","Harvous for capturing, threading, and revisiting what you’ve saved from those studies."
Church Notes,church-notes,6967016d9d17a49b8ea0d48d,68feb1d1933e97605f97913b,68715a000000000000000002,false,false,Wed Jul 15 2026 17:00:00 GMT+0000 (Coordinated Universal Time),Wed Jul 15 2026 17:00:00 GMT+0000 (Coordinated Universal Time),Wed Jul 15 2026 17:00:00 GMT+0000 (Coordinated Universal Time),Bible Notes,Harvous vs Church Notes: Remembering What You Saved vs Sermon Notes and SOAP,"Compare Harvous and Church Notes. Church Notes is great at sermon notes, auto verse insert, and SOAP devotionals with a built-in Bible reader; Harvous helps you remember and connect what you’ve saved from Scripture.",https://www.churchnotesapp.com/,"Church Notes is great at sermon notes, auto verse insert, and SOAP devotionals with a built-in Bible reader; Harvous helps you remember and connect what you’ve saved from Scripture.",/images/compare/og/church-notes.png,/images/compare/icons/church-notes.png,"All-in-one church notes, SOAP templates, and Bible reading with auto verse insert.","Free sermon notes, SOAP journaling, and Bible reading in one church-focused app.","People who want sermon notes, SOAP, and a Bible reader without juggling multiple apps.",Harvous for notes-first study that sits beside the Bible app you already use — without a built-in reader or SOAP template.
Craft,craft,6967016d9d17a49b8ea0d48d,68feb1d1933e97605f97913b,697ea6b19e6ec007a50a3453,false,false,Sun Feb 01 2026 01:04:49 GMT+0000 (Coordinated Universal Time),Sun Feb 01 2026 01:09:11 GMT+0000 (Coordinated Universal Time),Sun Feb 01 2026 01:09:17 GMT+0000 (Coordinated Universal Time),General Notes,Harvous vs Craft: Bible Notes vs AI Docs/Whiteboards,"Compare Harvous and Craft. Craft excels in beautiful docs, tasks, AI assistant; Harvous specializes in Bible-linked notes/threads.",https://www.craft.do/,"Craft excels in beautiful docs, tasks, AI assistant; Harvous specializes in Bible-linked notes/threads.",https://cdn.prod.website-files.com/68feb1d1933e97605f979178/697ea7b60b32440d899b2e4d_harvous-vs-craft.png,https://cdn.prod.website-files.com/68feb1d1933e97605f979178/697ea7b2f1a4ca548a6ba2e3_400x400bb-75%20(20).webp,"Custom templates, embeds, collaborative docs, AI writing help.","Everyday note-taking, project docs, brainstorming with visual blocks.","Creatives, professionals, students needing aesthetic, flexible notes across Mac/iOS/Android.","Use Craft for broad planning/whiteboards, export to Harvous for Bible threading and long-term Scripture recall."
Digible,digible,6967016d9d17a49b8ea0d48d,68feb1d1933e97605f97913b,68715a000000000000000003,false,false,Wed Jul 15 2026 17:00:00 GMT+0000 (Coordinated Universal Time),Wed Jul 15 2026 17:00:00 GMT+0000 (Coordinated Universal Time),Wed Jul 15 2026 17:00:00 GMT+0000 (Coordinated Universal Time),Bible Notes,Harvous vs Digible: Remembering What You Saved vs Digital Bible Journaling,Compare Harvous and Digible. Digible is great at Apple Pencil Bible journaling on iPad; Harvous helps you remember and connect what you’ve saved from Scripture.,https://digibleapp.com/,Digible is great at Apple Pencil Bible journaling on iPad; Harvous helps you remember and connect what you’ve saved from Scripture.,/images/compare/og/digible.png,/images/compare/icons/digible.png,"Drawing, highlighting, and handwriting directly on Scripture with Apple Pencil.",Digital Bible journaling on iPad — annotate the page like pen on paper.,"iPad users who want creative, visual Bible journaling with a built-in text.","Harvous for typed, scripture-linked study notes you can search and thread across devices — not a canvas."
Dwell,dwell,6967016d9d17a49b8ea0d48d,68feb1d1933e97605f97913b,697bd4ba0bb182d892cda601,false,false,Thu Jan 29 2026 21:44:26 GMT+0000 (Coordinated Universal Time),Thu Jan 29 2026 22:28:29 GMT+0000 (Coordinated Universal Time),Thu Jan 29 2026 22:43:06 GMT+0000 (Coordinated Universal Time),Bible Education,Harvous vs Dwell: Remembering What You Saved vs Immersive Audio Plans,Compare Harvous and Dwell. Dwell is great at guided audio Bibles with plans; Harvous helps you remember and connect what you’ve saved from Scripture.,https://dwellapp.io/,Dwell is great at guided audio Bibles with plans; Harvous helps you remember and connect what you’ve saved from Scripture.,https://cdn.prod.website-files.com/68feb1d1933e97605f979178/697bd48e45add109d97ca847_harvous-vs-dwell.png,https://cdn.prod.website-files.com/68feb1d1933e97605f979178/697bd473b438bb384f722767_400x400bb-75%20(7).webp,"Premium listening (ESV voices, music, speeds) via plans like ""Bible in a Year"" or topical series.","Habit-building app for immersive, repeat audio Scripture with custom playlists.",Audio lovers seeking engaging ways to hear/dwell on the Bible daily.,Harvous for saving reflections from listenings into connected notes.
ESV Bible,esv-bible,6967016d9d17a49b8ea0d48d,68feb1d1933e97605f97913b,697a49e1a75715f9762a045a,false,false,Wed Jan 28 2026 17:39:45 GMT+0000 (Coordinated Universal Time),Thu Jan 29 2026 17:56:51 GMT+0000 (Coordinated Universal Time),Thu Jan 29 2026 18:00:48 GMT+0000 (Coordinated Universal Time),Bible Reader,Harvous vs ESV Bible App: Remembering What You Saved vs Focused Bible Reading,Compare Harvous and the ESV Bible app. The ESV app is great at focused Bible reading; Harvous helps you remember and connect what you’ve saved from Scripture.,https://www.esv.org/resources/esv-global-study-bible/esv-bible-app/,The ESV app is great at focused Bible reading; Harvous helps you remember and connect what you’ve saved from Scripture.,https://cdn.prod.website-files.com/68feb1d1933e97605f979178/697b9d4de33974881e339f06_harvous-vs-esv-bible.png,https://cdn.prod.website-files.com/68feb1d1933e97605f979178/697a6086681532f600dadddb_esv.png,"Reading the ESV text with simple notes, audio, and reading plans.",People who primarily use the ESV translation and want a distraction-free reader.,"You want a minimal, ESV-focused Bible reader without a lot of extra system-building.",Harvous for notes you’ve saved and threaded studies that are a nice companion to any Bible app.
Evernote,evernote,6967016d9d17a49b8ea0d48d,68feb1d1933e97605f97913b,697a60361c4e94fe21ea58df,false,false,Wed Jan 28 2026 19:15:02 GMT+0000 (Coordinated Universal Time),Thu Jan 29 2026 17:56:51 GMT+0000 (Coordinated Universal Time),Thu Jan 29 2026 18:00:48 GMT+0000 (Coordinated Universal Time),General Notes,Harvous vs Evernote: Remembering What You Saved vs Organized Everything,Compare Harvous and Evernote. Evernote is great at organizing everything you capture; Harvous helps you remember and connect what you’ve saved from Scripture.,https://evernote.com/,Evernote is great at organizing everything you capture; Harvous helps you remember and connect what you’ve saved from Scripture.,https://cdn.prod.website-files.com/68feb1d1933e97605f979178/697b9d2b353211b1cadf3700_harvous-vs-evernote.png,https://cdn.prod.website-files.com/68feb1d1933e97605f979178/697a604d058d53869f4b112a_400x400ia-75.webp,"Capturing and organizing notes, tasks, and web clips across projects and life.","All-purpose notes and productivity hub with notebooks, tags, tasks, calendar, and web clipping.","People who want one place to store ideas, documents, tasks, and web pages and keep them searchable across devices.","Harvous for a focused, Bible-first home for what you’ve saved from Scripture, separate from the noise of everything else."
FaithStudy,faithstudy,6967016d9d17a49b8ea0d48d,68feb1d1933e97605f97913b,697e8f62e773ae7dbfd6beb8,false,false,Sat Jan 31 2026 23:25:22 GMT+0000 (Coordinated Universal Time),Sat Jan 31 2026 23:36:12 GMT+0000 (Coordinated Universal Time),Sat Jan 31 2026 23:36:18 GMT+0000 (Coordinated Universal Time),Bible Education,Harvous vs FaithStudy: Remembering What You Saved vs Guided Study Plans,Compare Harvous and FaithStudy. FaithStudy is great at Bible study guides and videos; Harvous helps you remember and connect what you’ve saved from Scripture.,https://www.blessedid.com/#/faith-study,FaithStudy is great at Bible study guides and videos; Harvous helps you remember and connect what you’ve saved from Scripture.,https://cdn.prod.website-files.com/68feb1d1933e97605f979178/697e8f4ed0d133ec130c3905_harvous-vs-faithstudy.png,https://cdn.prod.website-files.com/68feb1d1933e97605f979178/697e8f4aa12dc5b873fe0ffb_400x400ia-75%20(6).webp,"Step-by-step guides, video narratives, and reflection tools.",Personal or group Bible learning with immersive content.,"Beginners seeking guided, video-based faith growth.",Harvous for notes and links from study sessions.
Glorify,glorify,6967016d9d17a49b8ea0d48d,68feb1d1933e97605f97913b,697be0efc948652e0d83d88f,false,false,Thu Jan 29 2026 22:36:31 GMT+0000 (Coordinated Universal Time),Thu Jan 29 2026 22:42:22 GMT+0000 (Coordinated Universal Time),Thu Jan 29 2026 22:43:06 GMT+0000 (Coordinated Universal Time),Prayer & Meditation,Harvous vs Glorify: Remembering What You Saved vs Worship Devotional App,Compare Harvous and Glorify. Glorify is great at daily devotionals and worship prayers; Harvous helps you remember and connect what you’ve saved from Scripture.,https://glorify-app.com/,Glorify is great at daily devotionals and worship prayers; Harvous helps you remember and connect what you’ve saved from Scripture.,https://cdn.prod.website-files.com/68feb1d1933e97605f979178/697be24971d7f909d26174a5_harvous-vs-glorify.png,https://cdn.prod.website-files.com/68feb1d1933e97605f979178/697be24c075dc6af1131a875_glorify.png,"Bite-sized daily content (plans, reflections, audio prayers) to start day with God.","#1 Christian devotional app blending Scripture, music, and short prayers for habit-building.","Beginners wanting simple, uplifting routines with community vibe.",Harvous for saving devotional takeaways into your personal study threads.
Goodnotes,goodnotes,6967016d9d17a49b8ea0d48d,68feb1d1933e97605f97913b,697e515bc78600b28d5f1d78,false,false,Sat Jan 31 2026 19:00:43 GMT+0000 (Coordinated Universal Time),Sat Jan 31 2026 19:43:15 GMT+0000 (Coordinated Universal Time),Sat Jan 31 2026 19:43:15 GMT+0000 (Coordinated Universal Time),General Notes,Harvous vs Goodnotes: Remembering What You Saved vs Handwritten Notebooks,Compare Harvous and Goodnotes. Goodnotes is great at digital handwriting and PDF markup; Harvous helps you remember and connect what you’ve saved from Scripture.,https://www.goodnotes.com,Goodnotes is great at digital handwriting and PDF markup; Harvous helps you remember and connect what you’ve saved from Scripture.,https://cdn.prod.website-files.com/68feb1d1933e97605f979178/697e514293596baf58e33175_harvous-vs-goodnotes.png,https://cdn.prod.website-files.com/68feb1d1933e97605f979178/697e51457fcac15ae087fbcd_400x400bb-75%20(12).webp,"Handwriting-to-text, audio sync, infinite whiteboards, and study tools like flashcards.",Visual thinkers/students annotating PDFs/slides with lasso tools and collaboration,iPad/Android users loving paper-like notebooks for classes/projects.,"Harvous for typed, threaded Bible notes beyond handwriting."
Google Docs,google-docs,6967016d9d17a49b8ea0d48d,68feb1d1933e97605f97913b,697e50c70ab968abbbade083,false,false,Sat Jan 31 2026 18:58:15 GMT+0000 (Coordinated Universal Time),Sat Jan 31 2026 19:43:15 GMT+0000 (Coordinated Universal Time),Sat Jan 31 2026 19:43:15 GMT+0000 (Coordinated Universal Time),General Notes,Harvous vs Google Docs: Remembering What You Saved vs Collaborative Documents,Compare Harvous and Google Docs. Google Docs is great at collaborative docs and real-time editing; Harvous helps you remember and connect what you’ve saved from Scripture.,https://docs.google.com,Google Docs is great at collaborative docs and real-time editing; Harvous helps you remember and connect what you’ve saved from Scripture.,https://cdn.prod.website-files.com/68feb1d1933e97605f979178/697e5081cd1cd9bd022eddc7_harvous-vs-google-docs.png,https://cdn.prod.website-files.com/68feb1d1933e97605f979178/697e508665f0e28e52e0b2bc_400x400bb-75%20(11).webp,"Real-time collaboration, templates, voice typing, and unlimited free storage for any document.","Everyday writing, team projects, and simple sharing across devices.",Groups needing editable docs or basic long-form notes without deep organization.,Harvous for threaded Bible notes that live beyond shared docs.
Google Keep,google-keep,6967016d9d17a49b8ea0d48d,68feb1d1933e97605f97913b,697e51f19da5301fc697cb08,false,false,Sat Jan 31 2026 19:03:13 GMT+0000 (Coordinated Universal Time),Sun Feb 01 2026 00:59:45 GMT+0000 (Coordinated Universal Time),Sun Feb 01 2026 01:09:17 GMT+0000 (Coordinated Universal Time),General Notes,Harvous vs Google Keep: Remembering What You Saved vs Quick Lists/Reminders,Compare Harvous and Google Keep. Google Keep is great at colorful quick notes and reminders; Harvous helps you remember and connect what you’ve saved from Scripture.,https://keep.google.com,Google Keep is great at colorful quick notes and reminders; Harvous helps you remember and connect what you’ve saved from Scripture.,https://cdn.prod.website-files.com/68feb1d1933e97605f979178/697e51c2da52ff5ffd3aa255_harvous-vs-google-keep.png,https://cdn.prod.website-files.com/68feb1d1933e97605f979178/697e51bed2a3227b137af21c_400x400bb-75%20(13).webp,Visual lists/photos/reminders pinning to home screen with Google sync.,"Everyday brain dumps, todos, and sharing integrated with Google ecosystem",Casual users needing speed over depth across Android/iOS/web.,Harvous for Bible-specific recall and connections that last.
Hallow,hallow,6967016d9d17a49b8ea0d48d,68feb1d1933e97605f97913b,697be0720f8c1d8712d5040a,false,false,Thu Jan 29 2026 22:34:26 GMT+0000 (Coordinated Universal Time),Thu Jan 29 2026 22:42:49 GMT+0000 (Coordinated Universal Time),Thu Jan 29 2026 22:43:06 GMT+0000 (Coordinated Universal Time),Prayer & Meditation, Harvous vs Hallow: Remembering What You Saved vs Guided Prayer App,Compare Harvous and Hallow. Hallow is great at Catholic/Christian guided prayers and meditations; Harvous helps you remember and connect what you’ve saved from Scripture.,https://hallow.com/,Hallow is great at Catholic/Christian guided prayers and meditations; Harvous helps you remember and connect what you’ve saved from Scripture.,https://cdn.prod.website-files.com/68feb1d1933e97605f979178/697be2631580b562a859307a_harvous-vs-hallow.png,https://cdn.prod.website-files.com/68feb1d1933e97605f979178/697be2671eed46a8c2309c6b_400x400bb-75%20(8).webp,"Building prayer habits with 10k+ sessions (Calm Praylist, Bible stories, celebrity-led like Mark Wahlberg).","#1 app for Christian/Catholic routines, meditations, and music to foster relationship with Christ.","Busy believers wanting guided, peaceful prayer integrated into daily schedules.",Harvous for a home for personal reflections and insights from prayer sessions.
Illuminate,illuminate,6967016d9d17a49b8ea0d48d,68feb1d1933e97605f97913b,697acf5d9b57a2a937dcd65a,false,false,Thu Jan 29 2026 03:09:17 GMT+0000 (Coordinated Universal Time),Thu Jan 29 2026 17:56:51 GMT+0000 (Coordinated Universal Time),Thu Jan 29 2026 18:00:48 GMT+0000 (Coordinated Universal Time),AI Guided Bible,Harvous vs Illuminate: Remembering What You Saved vs AI-Assisted Bible Reading,Compare Harvous and Illuminate. Illuminate is great at Scripture-first AI for intimacy with God; Harvous helps you remember and connect what you’ve saved from Scripture.,https://www.illuminatebible.com/,Illuminate is great at Scripture-first AI for intimacy with God; Harvous helps you remember and connect what you’ve saved from Scripture.,https://cdn.prod.website-files.com/68feb1d1933e97605f979178/697b9cf546ec8fed3d1f9870_harvous-vs-illuminate.png,https://cdn.prod.website-files.com/68feb1d1933e97605f979178/697acf504130790e182cc3e0_illuminate.webp,"Delivering contextual Scripture insights, doctrinal soundness, and instant guidance inspired by 1,000+ teachings without bias or impersonation.","Acting as a spiritual companion for clarity, growth, and transformation through reverent, teaching-supported AI responses.","Believers wanting deep, Scripture-led formation that complements—not replaces—personal study and pastors.",Harvous for capturing the key answers and notes you’ve saved so they form a growing thread of learning over time.
Life Bible,life-bible,6967016d9d17a49b8ea0d48d,68feb1d1933e97605f97913b,697e83ab5784259387be183c,false,false,Sat Jan 31 2026 22:35:23 GMT+0000 (Coordinated Universal Time),Sun Feb 01 2026 00:47:50 GMT+0000 (Coordinated Universal Time),Sun Feb 01 2026 01:09:17 GMT+0000 (Coordinated Universal Time),Bible Reader,Harvous vs Life Bible: Remembering What You Saved vs All‑In‑One Bible Reading,"Compare Harvous and the Life Bible. Life Bible is great at plans, TouchPoints, and study Bibles; Harvous helps you remember and connect what you’ve saved from Scripture.",https://lifebible.com/features,"Life Bible is great at plans, TouchPoints, and study Bibles; Harvous helps you remember and connect what you’ve saved from Scripture.",https://cdn.prod.website-files.com/68feb1d1933e97605f979178/697e83899f954b8f08151867_harvous-vs-life-bible.png,https://cdn.prod.website-files.com/68feb1d1933e97605f979178/697e8384b119fec4115f4420_400x400bb-75%20(16).webp,"Offering 40+ translations, 450+ topical plans, 150+ devotional books, and unique TouchPoints that surface Bible answers for life questions.","Serving as an all‑in‑one Bible reading and light study app with commentaries, search across translations, and sync across phone, tablet, and web.","People who want one main Bible app with rich plans, devotionals, and study notes without going full Logos‑level complex.",Harvous for organizing and threading the notes you’ve saved from Life Bible so they’re easy to revisit across books and themes.
Logos,logos,6967016d9d17a49b8ea0d48d,68feb1d1933e97605f97913b,697a49e1ceb62ada85baa565,false,false,Wed Jan 28 2026 17:39:45 GMT+0000 (Coordinated Universal Time),Thu Jan 29 2026 17:56:51 GMT+0000 (Coordinated Universal Time),Thu Jan 29 2026 18:00:48 GMT+0000 (Coordinated Universal Time),Bible Study Suite,Harvous vs Logos: Remembering What You Saved vs Advanced Research,Compare Harvous and Logos. Logos is great at advanced research and scholarly tools; Harvous helps you remember and connect what you’ve saved from Scripture without the complexity.,https://www.logos.com/,Logos is great at advanced research and scholarly tools; Harvous helps you remember and connect what you’ve saved from Scripture without the complexity.,https://cdn.prod.website-files.com/68feb1d1933e97605f979178/697b9d3f16404a59383188ae_harvous-vs-logos.png,https://cdn.prod.website-files.com/68feb1d1933e97605f979178/697a607aa0ab75100a816b3b_logos.jpeg,"Serious Bible study with a large digital library, search, and academic tools.","Pastors, teachers, and students who need powerful research tools and integrated resources.","People who need heavyweight tools for research, sermon prep, or academic study and are comfortable investing time to learn a complex platform.","Harvous for lightweight, everyday Bible notes you’ve saved and recall that don’t require a full research environment."
Lumen,lumen,6967016d9d17a49b8ea0d48d,68feb1d1933e97605f97913b,697ad3c13a550e8586e1fb56,false,false,Thu Jan 29 2026 03:28:01 GMT+0000 (Coordinated Universal Time),Thu Jan 29 2026 17:56:51 GMT+0000 (Coordinated Universal Time),Thu Jan 29 2026 18:00:48 GMT+0000 (Coordinated Universal Time),AI Guided Bible,Harvous vs Lumen: Remembering What You Saved vs AI Grace-Focused Study,"Compare Harvous and Lumen. Lumen is great at AI-powered, grace-centered Bible exploration; Harvous helps you remember and connect what you’ve saved from Scripture.",https://www.withlumen.app/,"Lumen is great at AI-powered, grace-centered Bible exploration; Harvous helps you remember and connect what you’ve saved from Scripture.",https://cdn.prod.website-files.com/68feb1d1933e97605f979178/697b9ce52944cbd1023f80b9_harvous-vs-lumen.png,https://cdn.prod.website-files.com/68feb1d1933e97605f979178/697ad3b850f708d5f491a246_lumen.png,"Providing seminary-level insights on Scripture’s unified narrative, freely shared via open-source for collaborative depth.",Answering questions/struggles with reverence for the Bible’s authority and richness across contexts.,"Believers wanting efficient, communal AI tools that honor Scripture while fostering personal faith journeys.","Harvous for a focused, human-curated home for the Bible notes you’ve saved, so they grow into your lasting theology beyond AI sessions"
Moreh,moreh,6967016d9d17a49b8ea0d48d,68feb1d1933e97605f97913b,68715a000000000000000004,false,false,Wed Jul 15 2026 17:00:00 GMT+0000 (Coordinated Universal Time),Wed Jul 15 2026 17:00:00 GMT+0000 (Coordinated Universal Time),Wed Jul 15 2026 17:00:00 GMT+0000 (Coordinated Universal Time),AI Guided Bible,Harvous vs Moreh: Remembering What You Saved vs AI Bible Study Guide,"Compare Harvous and Moreh. Moreh is great at AI study guidance, translations, and sermon notes in a reader; Harvous helps you remember and connect what you’ve saved from Scripture.",https://www.moreh.app/,"Moreh is great at AI study guidance, many translations, and sermon notes inside a Bible reader; Harvous helps you remember and connect what you’ve saved from Scripture.",/images/compare/og/moreh.png,/images/compare/icons/moreh.png,"AI theological Q&A (Theo), 1,000+ translations, sermon notes, and study plans in one reader.",AI-powered Bible reading and study with sermon capture and plans.,People who want an AI study guide and full reader with notes attached to verses.,"Harvous for remembering and threading what you wrote yourself — notes-first, not AI-first."
Notion,notion,6967016d9d17a49b8ea0d48d,68feb1d1933e97605f97913b,697a49e04bc683cadf0ef9c9,false,false,Wed Jan 28 2026 17:39:44 GMT+0000 (Coordinated Universal Time),Thu Jan 29 2026 17:56:51 GMT+0000 (Coordinated Universal Time),Thu Jan 29 2026 18:00:48 GMT+0000 (Coordinated Universal Time),General Notes,Harvous vs Notion: Remembering What You Saved vs General Note‑Taking,Compare Harvous and Notion. Notion is great at general note‑taking and project docs; Harvous helps you remember and connect what you saved from Scripture.,https://www.notion.so/,Notion is great at general note‑taking and project docs; Harvous helps you remember and connect what you saved from Scripture.,https://cdn.prod.website-files.com/68feb1d1933e97605f979178/697b9d9c1a37b2ae86a01446_harvous-vs-notion.png,https://cdn.prod.website-files.com/68feb1d1933e97605f979178/697a60b1d086d315b70c92b5_400x400bb-75%20(3).webp,"Managing notes, docs, and projects across everything you do","All-purpose workspace for writing, planning, and databases.","People who want one flexible workspace for tasks, docs, and notes across life, work, and church.","Harvous for focused, Bible-first notes you’ve saved and want to revisit."
Obsidian,obsidian,6967016d9d17a49b8ea0d48d,68feb1d1933e97605f97913b,697a49e0bf49c631a49865fc,false,false,Wed Jan 28 2026 17:39:44 GMT+0000 (Coordinated Universal Time),Thu Jan 29 2026 17:56:51 GMT+0000 (Coordinated Universal Time),Thu Jan 29 2026 18:00:48 GMT+0000 (Coordinated Universal Time),General Notes,Harvous vs Obsidian: Remembering What You Saved vs Networked Knowledge,Compare Harvous and Obsidian. Obsidian is great at networked knowledge; Harvous helps you remember and connect what you’ve saved from Scripture without heavy setup.,https://obsidian.md/,Obsidian is great at networked knowledge; Harvous helps you remember and connect what you’ve saved from Scripture without heavy setup.,https://cdn.prod.website-files.com/68feb1d1933e97605f979178/697b9da9629e9834ffce34d4_harvous-vs-obsidian.png,https://cdn.prod.website-files.com/68feb1d1933e97605f979178/697a60b6336b8c22e0e101a5_400x400bb-75%20(4).webp,Personal knowledge management with linked notes and markdown files.,"People who want full control of their notes, folders, and links, stored locally with plugins and customization.","People who enjoy configuring systems, working in markdown, and designing your own Bible-study graph and workflows.","Harvous for lightweight, opinionated Bible note linking for what you’ve saved that works out of the box."
Olive Tree,olive-tree,6967016d9d17a49b8ea0d48d,68feb1d1933e97605f97913b,697a49e1a6bc77ac8cb77426,false,false,Wed Jan 28 2026 17:39:45 GMT+0000 (Coordinated Universal Time),Thu Jan 29 2026 21:30:10 GMT+0000 (Coordinated Universal Time),Thu Jan 29 2026 21:48:40 GMT+0000 (Coordinated Universal Time),Bible Study Suite,Harvous vs Olive Tree: Remembering What You Saved vs All‑In‑One Bible Reading,Compare Harvous and Olive Tree. Olive Tree is great at all‑in‑one Bible reading and resources; Harvous helps you remember and connect what you’ve saved from Scripture.,https://www.olivetree.com/,Olive Tree is great at all‑in‑one Bible reading and resources; Harvous helps you remember and connect what you’ve saved from Scripture.,https://cdn.prod.website-files.com/68feb1d1933e97605f979178/697b9d7d34880a6fc6842ca1_harvous-vs-olive-tree-bible.png,https://cdn.prod.website-files.com/68feb1d1933e97605f979178/697a60a0f5a8ba1ceffcd087_olive.png,"Reading the Bible with integrated study tools, notes, and a purchased library.",People who want a main Bible reading app plus a library of devotionals and commentaries.,"People who want one main Bible app where you can read, highlight, and access purchased study resources.","Harvous for a simple, focused layer of Bible notes you’ve saved that isn’t tied to one app or ecosystem."
OneNote,onenote,6967016d9d17a49b8ea0d48d,68feb1d1933e97605f97913b,697a49e22478bad9e158778b,false,false,Wed Jan 28 2026 17:39:46 GMT+0000 (Coordinated Universal Time),Thu Jan 29 2026 17:56:51 GMT+0000 (Coordinated Universal Time),Thu Jan 29 2026 18:00:48 GMT+0000 (Coordinated Universal Time),General Notes,Harvous vs OneNote: Remembering What You Saved vs Notebook‑Style Organization,Compare Harvous and OneNote. OneNote is great at notebook-style organization; Harvous helps you remember and connect what you’ve saved from Scripture.,https://www.onenote.com/,OneNote is great at notebook-style organization; Harvous helps you remember and connect what you’ve saved from Scripture.,https://cdn.prod.website-files.com/68feb1d1933e97605f979178/697b9d37ecb92e081135c2b5_harvous-vs-onenote.png,https://cdn.prod.website-files.com/68feb1d1933e97605f979178/697a6057c14ed81c86968132_400x400bb-75%20(5).webp,Capturing and organizing notes in notebook/section/page hierarchies.,"People who like the familiar notebook metaphor and need to store lots of mixed content (text, images, drawings).",You want a digital notebook that can hold everything from meeting notes to sermon outlines in one place.,Harvous for Bible-first threads and cross-references that surface what you’ve saved over time.
Pencil Bible,pencil-bible,6967016d9d17a49b8ea0d48d,68feb1d1933e97605f97913b,697a49e0628a6d65d6316569,false,false,Wed Jan 28 2026 17:39:44 GMT+0000 (Coordinated Universal Time),Thu Jan 29 2026 17:56:51 GMT+0000 (Coordinated Universal Time),Thu Jan 29 2026 18:00:48 GMT+0000 (Coordinated Universal Time),Bible Notes,Harvous vs Pencil Bible: Remembering What You Saved vs In-Bible Annotation,Compare Harvous and Pencil Bible. Pencil Bible is great at in-Bible annotation; Harvous helps you remember and connect what you saved from Scripture.,https://pencilbible.com/,Pencil Bible is great at in-Bible annotation; Harvous helps you remember and connect what you saved from Scripture.,https://cdn.prod.website-files.com/68feb1d1933e97605f979178/697b9d9365a743c5e240cbd4_harvous-vs-pencil-bible.png,https://cdn.prod.website-files.com/68feb1d1933e97605f979178/697a60ac7ec7e03ae82e0d09_400x400bb-75%20(1).webp,Annotating the Bible text itself,"Visual Bible reading with highlights, handwritten-style notes, and journaling inside the passage.",People who love reading in one beautiful Bible app and want to mark up the text as they go.,"Harvous for organizing what you’ve saved across books, themes, and studies."
Pray.com,pray-com,6967016d9d17a49b8ea0d48d,68feb1d1933e97605f97913b,697be12334ad1dc13ac443fb,false,false,Thu Jan 29 2026 22:37:23 GMT+0000 (Coordinated Universal Time),Thu Jan 29 2026 22:42:13 GMT+0000 (Coordinated Universal Time),Thu Jan 29 2026 22:43:06 GMT+0000 (Coordinated Universal Time),Prayer & Meditation,Harvous vs Pray.com: Remembering What You Saved vs Community Prayer App,"Compare Harvous and Pray.com. Pray.com is great at shared prayers and bedtime Bible stories; Harvous helps you remember and connect what you’ve saved from Scripture.
",https://www.pray.com/, Pray.com is great at shared prayers and bedtime Bible stories; Harvous helps you remember and connect what you’ve saved from Scripture.,https://cdn.prod.website-files.com/68feb1d1933e97605f979178/697be23e791567bd4ebd80e4_harvous-vs-pray-com.png,https://cdn.prod.website-files.com/68feb1d1933e97605f979178/697be242d058fc16f9dcd45d_pray-com.png,"Connecting users for prayer requests, daily devotionals, and family-friendly audio content.","World's #1 app for prayer sharing, plans, and biblical audio (podcasts, stories).",Social pray-ers loving group support and evening wind-downs.,Harvous for a private home for reflections from shared prayers and stories.​
ReadScripture,readscripture,6967016d9d17a49b8ea0d48d,68feb1d1933e97605f97913b,697acd310afa01083b534b70,false,false,Thu Jan 29 2026 03:00:01 GMT+0000 (Coordinated Universal Time),Thu Jan 29 2026 17:56:51 GMT+0000 (Coordinated Universal Time),Thu Jan 29 2026 18:00:48 GMT+0000 (Coordinated Universal Time),Bible Reader,Harvous vs ReadScripture: Remembering What You Saved vs Guided Bible Reading,Compare Harvous and ReadScripture. ReadScripture is great at guided Bible reading with videos; Harvous helps you remember and connect what you’ve saved from Scripture.,https://www.readscripture.org/,ReadScripture is great at guided Bible reading with videos; Harvous helps you remember and connect what you’ve saved from Scripture.,https://cdn.prod.website-files.com/68feb1d1933e97605f979178/697b9d22207b3df8e4de3609_harvous-vs-readscripture.png,https://cdn.prod.website-files.com/68feb1d1933e97605f979178/697accdbf6acee200feeda55_readscripture.png,"Following a curated, year-long Bible reading plan with integrated BibleProject videos that explain books and themes.","Helping people read through the whole Bible with a structured plan, videos, and a beautifully designed reading experience.",People who want to be guided through Scripture with a clear daily plan and visual explanations of each book and major themes.,"Harvous for capturing, threading, and revisiting what you’ve saved from those readings so key insights don’t disappear after you finish the plan."
Reflect,reflect,6967016d9d17a49b8ea0d48d,68feb1d1933e97605f97913b,697e50560ab968abbbadd7b9,false,false,Sat Jan 31 2026 18:56:22 GMT+0000 (Coordinated Universal Time),Sat Jan 31 2026 18:56:24 GMT+0000 (Coordinated Universal Time),Sat Jan 31 2026 19:03:31 GMT+0000 (Coordinated Universal Time),General Notes,Harvous vs Reflect: Remembering What You Saved vs AI Second Brain,Compare Harvous and Reflect. Reflect is great at AI-powered networked notes; Harvous helps you remember and connect what you’ve saved from Scripture.,https://reflect.app,Reflect is great at AI-powered networked notes; Harvous helps you remember and connect what you’ve saved from Scripture.,https://cdn.prod.website-files.com/68feb1d1933e97605f979178/697e502d3f55ea918900915f_harvous-vs-reflect.png,https://cdn.prod.website-files.com/68feb1d1933e97605f979178/697e5022d20e2b0e3d62502a_400x400ia-75%20(2).webp,"Building a “second brain” with AI organization, end-to-end encryption, calendar sync, and thought partnering.",Advanced personal knowledge management mirroring your mind via backlinks and AI for any content.,"Power users wanting full AI customization, imports, and networked thinking across life.","Harvous for focused, lightweight Bible notes that surface effortlessly vs. a general brain."
Simplenote,simplenote,6967016d9d17a49b8ea0d48d,68feb1d1933e97605f97913b,697e51aeece886b940e8448e,false,false,Sat Jan 31 2026 19:02:06 GMT+0000 (Coordinated Universal Time),Sat Jan 31 2026 19:03:24 GMT+0000 (Coordinated Universal Time),Sat Jan 31 2026 19:03:31 GMT+0000 (Coordinated Universal Time),General Notes,Harvous vs Simplenote: Remembering What You Saved vs Plaintext Sync,"Compare Harvous and Simplenote. Simplenote is great at simple, synced plaintext notes; Harvous helps you remember and connect what you’ve saved from Scripture.",https://simplenote.com,"Simplenote is great at simple, synced plaintext notes; Harvous helps you remember and connect what you’ve saved from Scripture.",https://cdn.prod.website-files.com/68feb1d1933e97605f979178/697e5179cd4993b9a8254a50_harvous-vs-simplenote.png,https://cdn.prod.website-files.com/68feb1d1933e97605f979178/697e5174da52ff5ffd3a9eb2_400x400ia-75%20(4).webp,"Frictionless capture/search/sync with backups, sharing, and no-frills organization.",Lightweight plaintext for lists/ideas everywhere (iOS/Android/Mac/Windows/web).,"Minimalists wanting instant, free notes without features overload.",Harvous for structured Bible threading beyond plain text dumps.
Spirit Notes,spirit-notes,6967016d9d17a49b8ea0d48d,68feb1d1933e97605f97913b,697a49e063f7563464cb38f7,false,false,Wed Jan 28 2026 17:39:44 GMT+0000 (Coordinated Universal Time),Thu Jan 29 2026 17:56:51 GMT+0000 (Coordinated Universal Time),Thu Jan 29 2026 18:00:48 GMT+0000 (Coordinated Universal Time),Bible Notes,Harvous vs Spirit Notes: Remembering What You Saved vs Bible Journaling,Compare Harvous and Spirit Notes. Spirit Notes is great at Bible journaling; Harvous helps you remember and connect what you saved from Scripture.,https://www.spiritnotes.app/,Spirit Notes is great at Bible journaling; Harvous helps you remember and connect what you saved from Scripture.,https://cdn.prod.website-files.com/68feb1d1933e97605f979178/697b9db54a404aebf20b2e96_harvous-vs-spirit-notes.png,https://cdn.prod.website-files.com/68feb1d1933e97605f979178/697a60bc74e104f3d94fb4f5_spirit.png,Taking church and Bible study notes,All-in-one church notes and Bible journaling app for sermons and personal study.,People who want a dedicated app to capture sermon notes and Bible reflections in one place.,Harvous for long-term recall of what you’ve saved.
Supernotes,supernotes,6967016d9d17a49b8ea0d48d,68feb1d1933e97605f97913b,697e5119d2a3227b137adf87,false,false,Sat Jan 31 2026 18:59:37 GMT+0000 (Coordinated Universal Time),Sat Jan 31 2026 19:03:24 GMT+0000 (Coordinated Universal Time),Sat Jan 31 2026 19:03:31 GMT+0000 (Coordinated Universal Time),General Notes,Harvous vs Supernotes: Remembering What You Saved vs Card-Based Notes,Compare Harvous and Supernotes. Supernotes is great at collaborative notecards with Markdown; Harvous helps you remember and connect what you’ve saved from Scripture.,https://supernotes.app,Supernotes is great at collaborative notecards with Markdown; Harvous helps you remember and connect what you’ve saved from Scripture.,https://cdn.prod.website-files.com/68feb1d1933e97605f979178/697e50fd9ed2d7e02c62111c_harvous-vs-supernotes.png,https://cdn.prod.website-files.com/68feb1d1933e97605f979178/697e5104cfc366a5bf444d24_400x400ia-75%20(3).webp,"Lightweight, markdown-powered cards for ideas/meetings/lists with offline access everywhere.","Simple, speedy organization for students/professionals without heavy setup.",Multi-device users loving card-style capture and collaboration.,Harvous for opinionated Bible threading that surfaces Scripture saves effortlessly
Through the Word,through-the-word,6967016d9d17a49b8ea0d48d,68feb1d1933e97605f97913b,697bd44e3e1a17a67275b130,false,false,Thu Jan 29 2026 21:42:38 GMT+0000 (Coordinated Universal Time),Thu Jan 29 2026 21:48:33 GMT+0000 (Coordinated Universal Time),Thu Jan 29 2026 21:48:40 GMT+0000 (Coordinated Universal Time),Bible Education,Harvous vs Through the Word: Remembering What You Saved vs Guided Chapter Audio,Compare Harvous and Through the Word. Through the Word is great at 10-min chapter guides; Harvous helps you remember and connect what you’ve saved from Scripture.,https://throughtheword.org/,Through the Word is great at 10-min chapter guides; Harvous helps you remember and connect what you’ve saved from Scripture.,https://cdn.prod.website-files.com/68feb1d1933e97605f979178/697bd44675d1d43a706bb69d_harvous-vs-through-the-word.png,https://cdn.prod.website-files.com/68feb1d1933e97605f979178/697bd427e0c318b51ddcc4f3_throughtheword.png,Equipping understanding/application via daily audio (text + 10-min teaching per chapter) in structured journeys.,Free/premium app for Bible-in-a-year or book studies with contextual insights from seminary pastors.,Busy people wanting guided listening to grasp meaning/application without solo confusion.,Harvous for noting key applications/insights into your growing study threads.
YouVersion Bible,youversion,6967016d9d17a49b8ea0d48d,68feb1d1933e97605f97913b,697a49e1f946ed9512dbe93e,false,false,Wed Jan 28 2026 17:39:45 GMT+0000 (Coordinated Universal Time),Thu Jan 29 2026 17:56:51 GMT+0000 (Coordinated Universal Time),Thu Jan 29 2026 18:00:48 GMT+0000 (Coordinated Universal Time),Bible Reader,Harvous vs YouVersion: Remembering What You Saved vs Bible Reading Plans,Compare Harvous and YouVersion. YouVersion is great at Bible reading plans and community; Harvous helps you remember and connect what you’ve saved from Scripture.,https://www.youversion.com/bible-app,YouVersion is great at Bible reading plans and community; Harvous helps you remember and connect what you’ve saved from Scripture.,https://cdn.prod.website-files.com/68feb1d1933e97605f979178/697b9d6236cc50ddc94de0dc_harvous-vs-youversion-bible.png,https://cdn.prod.website-files.com/68feb1d1933e97605f979178/697a6093e05da0be5f510d5c_youversion.png,"Daily Bible reading with plans, streaks, and shared highlights.","People who want guided Bible plans, reminders, and an easy, free Bible app on every device.","People who mainly need a free, friendly Bible app with lots of plans, translations, and sharing features.","Harvous for deeper, organized notes you’ve saved that live beyond today’s reading plan."
